"place","pop2023","growthRate","area","country","cca3","cca2","ccn3","region","subregion","landAreaKm","density","densityMi","Rank","score","rank"
826,67736802,0.00338,242900,"United Kingdom","GBR","GB",826,"Europe","Northern Europe",241930,279.9851,725.1615,21,100,1
528,17618299,0.00309,41850,"Netherlands","NLD","NL",528,"Europe","Western Europe",33670,523.264,1355.2538,72,100,2
756,8796669,0.00643,41284,"Switzerland","CHE","CH",756,"Europe","Western Europe",39516,222.6103,576.5607,101,100,3
246,5545475,0.00085,338424,"Finland","FIN","FI",246,"Europe","Northern Europe",303940,18.2453,47.2553,118,100,4
578,5474360,0.00737,323802,"Norway","NOR","NO",578,"Europe","Northern Europe",364285,15.0277,38.9217,119,100,5
352,375318,0.00649,103000,"Iceland","ISL","IS",352,"Europe","Northern Europe",100830,3.7223,9.6407,179,100,6
470,535064,0.00333,316,"Malta","MLT","MT",470,"Europe","Southern Europe",320,1672.075,4330.6743,173,99.8,7
276,83294633,-0.0009,357114,"Germany","DEU","DE",276,"Europe","Western Europe",349390,238.4002,617.4564,19,99.1,8
442,654768,0.01107,2586,"Luxembourg","LUX","LU",442,"Europe","Western Europe",2574.5,254.3282,658.7101,168,98.7,9
752,10612086,0.00595,450295,"Sweden","SWE","SE",752,"Europe","Northern Europe",407283.5,26.0558,67.4844,87,98.6,10
380,58870762,-0.00282,301336,"Italy","ITA","IT",380,"Europe","Southern Europe",295717,199.078,515.6121,25,98.3,11
300,10341277,-0.00421,131990,"Greece","GRC","GR",300,"Europe","Southern Europe",128900,80.2271,207.7883,91,98.2,12
208,5910913,0.00487,43094,"Denmark","DNK","DK",208,"Europe","Northern Europe",40000,147.7728,382.7316,115,97.5,13
372,5056935,0.00673,70273,"Ireland","IRL","IE",372,"Europe","Northern Europe",68890,73.4059,190.1214,125,97.4,14
724,47519628,-0.00082,505992,"Spain","ESP","ES",724,"Europe","Southern Europe",499556.6,95.1236,246.3702,32,96.9,15
250,64756584,0.00201,551695,"France","FRA","FR",250,"Europe","Western Europe",547557,118.2646,306.3052,23,96.3,16
392,123294513,-0.0053,377930,"Japan","JPN","JP",392,"Asia","Eastern Asia",364500,338.2566,876.0845,12,95.1,17
40,8958960,0.00216,83871,"Austria","AUT","AT",40,"Europe","Western Europe",82520,108.5671,281.1889,100,94.7,18
196,1260138,0.00691,9251,"Cyprus","CYP","CY",196,"Europe","Eastern Europe, The Middle East",9240,136.3786,353.2205,158,94,19
56,11686140,0.00259,30528,"Belgium","BEL","BE",56,"Europe","Western Europe",30280,385.9359,999.5741,82,93.6,20
702,6014723,0.00653,710,"Singapore","SGP","SG",702,"Asia","South-Eastern Asia",718,8377.0515,21696.5635,114,93.3,21
376,9174520,0.01507,20770,"Israel","ISR","IL",376,"Asia","Western Asia, The Middle East",21640,423.9612,1098.0595,98,92.9,22
410,51784059,-0.00061,100210,"South Korea","KOR","KR",410,"Asia","Eastern Asia",97600,530.5744,1374.1876,29,90.8,23
124,38781291,0.0085,9984670,"Canada","CAN","CA",124,"North America","Northern America",8965590,4.3256,11.2032,38,88.1,24
36,26439111,0.01,7692024,"Australia","AUS","AU",36,"Oceania","Australia and New Zealand",7692020,3.4372,8.9024,55,87.1,25
840,339996563,0.00505,9372610,"United States","USA","US",840,"North America","Northern America",9147420,37.1686,96.2666,3,86.1,26
96,452524,0.00784,5765,"Brunei","BRN","BN",96,"Asia","South-Eastern Asia",5270,85.8679,222.3979,175,85.7,27
620,10247605,-0.00227,92090,"Portugal","PRT","PT",620,"Europe","Southern Europe",91605.6,111.8666,289.7344,93,83.5,28
554,5228100,0.00826,270467,"New Zealand","NZL","NZ",554,"Oceania","Australia and New Zealand",263310,19.8553,51.4252,123,80.4,29
203,10495295,0.00013,78865,"Czech Republic","CZE","CZ",203,"Europe","Eastern Europe",77198.5,135.9521,352.1158,89,76.5,30
705,2119675,-0.00008,20273,"Slovenia","SVN","SI",705,"Europe","Southern Europe",20136.4,105.2658,272.6385,149,74.7,31
158,23923276,0.00125,36193,"Taiwan","TWN","TW",158,"Asia","Eastern Asia",36197,660.9188,1711.7796,57,72.4,32
703,5795199,0.02689,49037,"Slovakia","SVK","SK",703,"Europe","Eastern Europe",49035,118.1849,306.099,116,71.9,33
616,41026067,0.02933,312679,"Poland","POL","PL",616,"Europe","Eastern Europe",306130,134.0152,347.0993,37,71.8,34
858,3423108,0.00009,181034,"Uruguay","URY","UY",858,"South America","South America, Latin America",175020,19.5584,50.6562,135,70.8,35
191,4008617,-0.00539,56594,"Croatia","HRV","HR",191,"Europe","Southern Europe",55960,71.6336,185.5311,130,70.3,36
100,6687717,-0.0139,110879,"Bulgaria","BGR","BG",100,"Europe","Eastern Europe",108560,61.6039,159.554,110,68.4,37
152,19629590,0.00132,756102,"Chile","CHL","CL",152,"South America","South America, Latin America",743532,26.4005,68.3772,65,68.1,38
414,4310108,0.00966,17818,"Kuwait","KWT","KW",414,"Asia","Western Asia, The Middle East",17820,241.8691,626.4411,129,67.5,39
784,9516871,0.00802,83600,"United Arab Emirates","ARE","AE",784,"Asia","Western Asia, The Middle East",71020,134.0027,347.067,96,67.2,40
634,2716391,0.00789,11586,"Qatar","QAT","QA",634,"Asia","Western Asia, The Middle East",11490,236.4135,612.3109,143,66.6,41
188,5212173,0.00605,51100,"Costa Rica","CRI","CR",188,"North America","Central America, Latin America",51060,102.0794,264.3856,124,66.2,42
688,7149077,-0.01001,88361,"Serbia","SRB","RS",688,"Europe","Southern Europe",87460,81.7411,211.7095,105,65.6,43
499,626485,-0.00095,13812,"Montenegro","MNE","ME",499,"Europe","Southern Europe",13450,46.5788,120.6391,169,65.6,44
480,1300557,0.00084,2040,"Mauritius","MUS","MU",480,"Africa","Eastern Africa, Sub-Saharan Africa",2030,640.6685,1659.3313,157,65.5,45
32,45773884,0.00579,2780400,"Argentina","ARG","AR",32,"South America","South America, Latin America",2736690,16.726,43.3203,33,64.8,46
400,11337052,0.00454,89342,"Jordan","JOR","JO",400,"Asia","Western Asia, The Middle East",88794,127.6781,330.6864,83,62.7,47
348,10156239,0.01896,93028,"Hungary","HUN","HU",348,"Europe","Eastern Europe",91260,111.2891,288.2386,94,62.2,48
233,1322765,-0.00249,45227,"Estonia","EST","EE",233,"Europe","Northern Europe",42750,30.9419,80.1394,156,61.9,49
70,3210847,-0.00701,51209,"Bosnia and Herzegovina","BIH","BA",70,"Europe","Southern Europe",51200,62.7119,162.4237,137,61.5,50
807,2085679,-0.00378,25713,"North Macedonia","MKD","MK",807,"Europe","Southern Europe",25220,82.6994,214.1915,150,61.1,51
112,9498238,-0.00385,207600,"Belarus","BLR","BY",112,"Europe","Eastern Europe",202980,46.794,121.1964,97,60.5,52
422,5353930,-0.02474,10452,"Lebanon","LBN","LB",422,"Asia","Western Asia, The Middle East",10230,523.3558,1355.4916,122,59.8,53
156,1425671352,-0.00015,9706961,"China","CHN","CN",156,"Asia","Eastern Asia",9424702.9,151.2696,391.7884,2,59.5,54
682,36947025,0.01478,2149690,"Saudi Arabia","SAU","SA",682,"Asia","Western Asia, The Middle East",2149690,17.1871,44.5147,40,59.3,55
428,1830211,-0.01105,64559,"Latvia","LVA","LV",428,"Europe","Northern Europe",62230,29.4104,76.173,151,59.1,56
440,2718352,-0.01153,65300,"Lithuania","LTU","LT",440,"Europe","Northern Europe",62620,43.4103,112.4326,142,58.4,57
512,4644384,0.01488,309500,"Oman","OMN","OM",512,"Asia","Western Asia, The Middle East",309500,15.0061,38.8658,127,58.3,58
458,34308525,0.01091,330803,"Malaysia","MYS","MY",458,"Asia","South-Eastern Asia",328550,104.4241,270.4583,46,57.6,59
51,2777970,-0.0009,29743,"Armenia","ARM","AM",51,"Asia","Western Asia",28470,97.5753,252.7201,140,57.3,60
48,1485509,0.00902,765,"Bahrain","BHR","BH",48,"Asia","Western Asia, The Middle East",785,1892.3682,4901.2335,154,56.6,61
642,19892812,0.01188,238391,"Romania","ROU","RO",642,"Europe","Eastern Europe",230080,86.4604,223.9325,64,56,62
764,71801279,0.00145,513120,"Thailand","THA","TH",764,"Asia","South-Eastern Asia",510890,140.5416,364.0026,20,55.9,63
170,52085168,0.00407,1141748,"Colombia","COL","CO",170,"South America","South America, Latin America",1109500,46.9447,121.5868,28,55.9,64
643,144444359,-0.00186,17098242,"Russia","RUS","RU",643,"Europe","Eastern Europe",16376870,8.82,22.8439,9,55.5,65
804,36744634,-0.07448,603500,"Ukraine","UKR","UA",804,"Europe","Eastern Europe",579400,63.4184,164.2537,41,55.2,66
398,19606633,0.01076,2724900,"Kazakhstan","KAZ","KZ",398,"Asia","Central Asia",2699700,7.2625,18.8099,66,55.2,67
44,412623,0.00644,13943,"Bahamas","BHS","BS",44,"North America","Caribbean",10010,41.2211,106.7626,176,55,68
8,2832439,-0.00348,28748,"Albania","ALB","AL",8,"Europe","Southern Europe",27400,103.3737,267.7378,138,54.1,69
364,89172767,0.00703,1648195,"Iran","IRN","IR",364,"Asia","Southern Asia, The Middle East",1622500,54.9601,142.3467,17,53.7,70
780,1534937,0.00254,5130,"Trinidad and Tobago","TTO","TT",780,"North America","Caribbean",5130,299.208,774.9487,153,53.4,71
12,45606480,0.01566,2381741,"Algeria","DZA","DZ",12,"Africa","Northern Africa",2381741,19.1484,49.5943,34,53.3,72
484,128455567,0.00746,1964375,"Mexico","MEX","MX",484,"North America","Central America, Latin America",1943950,66.0797,171.1463,10,52.9,73
704,98858950,0.00685,331212,"Vietnam","VNM","VN",704,"Asia","South-Eastern Asia",313429,315.411,816.9145,16,52.8,74
792,85816199,0.00557,783562,"Turkey","TUR","TR",792,"Asia","Western Asia, The Middle East",783562,109.5206,283.6584,18,52.7,75
788,12458223,0.00826,163610,"Tunisia","TUN","TN",788,"Africa","Northern Africa",155360,80.1894,207.6905,79,52.6,76
860,35163944,0.01549,447400,"Uzbekistan","UZB","UZ",860,"Asia","Central Asia, South Central Asia",440650,79.8002,206.6824,43,52.1,77
52,281995,0.00128,430,"Barbados","BRB","BB",52,"North America","Caribbean",430,655.8023,1698.528,186,52,78
268,3728282,-0.0043,69700,"Georgia","GEO","GE",268,"Asia","Western Asia",69490,53.6521,138.9588,132,51.7,79
690,107660,0.00506,452,"Seychelles","SYC","SC",690,"Africa","Eastern Africa, Sub-Saharan Africa",460,234.0435,606.1726,197,51.5,80
218,18190484,0.01053,276841,"Ecuador","ECU","EC",218,"South America","South America, Latin America",248360,73.2424,189.6978,68,50.3,81
498,3435931,0.04978,33846,"Moldova","MDA","MD",498,"Europe","Eastern Europe",32884.6,104.4845,270.6149,134,50,82
368,45504560,0.02266,438317,"Iraq","IRQ","IQ",368,"Asia","Western Asia, The Middle East",434128,104.8183,271.4794,35,49.7,83
192,11194449,-0.00158,109884,"Cuba","CUB","CU",192,"North America","Caribbean",103800,107.8463,279.322,85,49.7,84
388,2825544,-0.00065,10991,"Jamaica","JAM","JM",388,"North America","Caribbean",10830,260.8997,675.7303,139,49.4,85
882,225681,0.01484,2842,"Samoa","WSM","WS",882,"Oceania","Polynesia",2780,81.1802,210.2568,188,49.3,86
144,21893579,0.00281,65610,"Sri Lanka","LKA","LK",144,"Asia","Southern Asia, South Central Asia",61860,353.9214,916.6565,61,48.5,87
462,521020.99999999994,-0.00528,300,"Maldives","MDV","MV",462,"Asia","Southern Asia, South Central Asia",300,1736.7367,4498.148,174,47.8,88
600,6861524,0.01191,406752,"Paraguay","PRY","PY",600,"South America","South America, Latin America",397300,17.2704,44.7303,108,47.6,89
212,73040,0.00417,751,"Dominica","DMA","DM",212,"North America","Caribbean",750,97.3867,252.2315,204,47.6,90
795,6516100,0.01327,488100,"Turkmenistan","TKM","TM",795,"Asia","Central Asia, South Central Asia",469930,13.8661,35.9132,111,47.4,91
308,126183,0.00594,344,"Grenada","GRD","GD",308,"North America","Caribbean",340,371.1265,961.2176,193,47.1,92
862,28838499,0.01897,916445,"Venezuela","VEN","VE",862,"South America","South America, Latin America",882050,32.6949,84.6797,52,46.8,93
776,107773,0.00856,747,"Tonga","TON","TO",776,"Oceania","Polynesia",720,149.6847,387.6834,196,46.5,94
76,216422446,0.00515,8515767,"Brazil","BRA","BR",76,"South America","South America, Latin America",8358140,25.8936,67.0645,7,46.2,95
31,10412651,0.00527,86600,"Azerbaijan","AZE","AZ",31,"Asia","Western Asia",82646,125.991,326.3167,90,45.6,96
417,6735347,0.01579,199951,"Kyrgyzstan","KGZ","KG",417,"Asia","Central Asia, South Central Asia",191800,35.1165,90.9518,109,45.6,97
662,180251,0.00219,616,"Saint Lucia","LCA","LC",662,"North America","Caribbean",610,295.4934,765.328,190,45.4,98
591,4468087,0.0135,75417,"Panama","PAN","PA",591,"North America","Central America, Latin America",74180,60.233,156.0036,128,43.6,99
670,103698,-0.00241,389,"Saint Vincent and the Grenadines","VCT","VC",670,"North America","Caribbean",390,265.8923,688.6611,199,43.6,100
496,3447157,0.01436,1564110,"Mongolia","MNG","MN",496,"Asia","Eastern Asia",1557506.8,2.2133,5.7323,133,43.2,101
604,34352719,0.0089,1285216,"Peru","PER","PE",604,"South America","South America, Latin America",1280000,26.8381,69.5106,45,43.1,102
558,7046310,0.01409,130373,"Nicaragua","NIC","NI",558,"North America","Central America, Latin America",120340,58.5533,151.6532,106,42.9,103
84,410825,0.0137,22966,"Belize","BLZ","BZ",84,"North America","Central America, Latin America",22810,18.0107,46.6478,177,42.7,104
222,6364943,0.00451,21041,"El Salvador","SLV","SV",222,"North America","Central America, Latin America",20720,307.1884,795.6179,112,41.7,105
504,37840044,0.0102,446550,"Morocco","MAR","MA",504,"Africa","Northern Africa",446300,84.7861,219.596,39,40.9,106
68,12388571,0.01345,1098581,"Bolivia","BOL","BO",68,"South America","South America, Latin America",1083300,11.436,29.6191,80,40.1,107
740,623236,0.00841,163820,"Suriname","SUR","SR",740,"South America","South America, Latin America",156000,3.9951,10.3473,170,39.4,108
608,117337368,0.01539,342353,"Philippines","PHL","PH",608,"Asia","South-Eastern Asia",298170,393.5251,1019.2299,13,39,109
214,11332972,0.00928,48671,"Dominican Republic","DOM","DO",214,"North America","Caribbean",48310,234.5885,607.5843,84,39,110
818,112716598,0.01556,1002450,"Egypt","EGY","EG",818,"Africa","Northern Africa, The Middle East",995450,113.2318,293.2704,14,36.7,111
583,115224,0.00929,702,"Micronesia","FSM","FM",583,"Oceania","Micronesia",700,164.6057,426.3288,194,35.5,112
328,813834,0.00632,214969,"Guyana","GUY","GY",328,"South America","South America, Latin America",196850,4.1343,10.7078,164,35.3,113
678,231856,0.01969,964,"Sao Tome and Principe","STP","ST",678,"Africa","Middle Africa, Sub-Saharan Africa",960,241.5167,625.5282,187,35.3,114
242,936375,0.00711,18272,"Fiji","FJI","FJ",242,"Oceania","Melanesia",18270,51.2521,132.7428,162,34.7,115
116,16944826,0.01056,181035,"Cambodia","KHM","KH",116,"Asia","South-Eastern Asia",176520,95.9938,248.6239,73,34.3,116
226,1714671,0.02374,28051,"Equatorial Guinea","GNQ","GQ",226,"Africa","Middle Africa, Sub-Saharan Africa",28050,61.1291,158.3243,152,33.2,117
584,41996,0.01027,181,"Marshall Islands","MHL","MH",584,"Oceania","Micronesia",180,233.3111,604.2758,215,32.3,118
340,10593798,0.01543,112492,"Honduras","HND","HN",340,"North America","Central America, Latin America",111890,94.6805,245.2224,88,31.8,119
64,787424,0.00635,38394,"Bhutan","BTN","BT",64,"Asia","Southern Asia, South Central Asia",38140,20.6456,53.4722,165,31.2,120
104,54577997,0.00736,676578,"Myanmar","MMR","MM",104,"Asia","South-Eastern Asia",652670,83.6227,216.5827,27,30.9,121
762,10143543,0.01917,143100,"Tajikistan","TJK","TJ",762,"Asia","Central Asia, South Central Asia",138790,73.0855,189.2916,95,30.9,122
360,277534122,0.00738,1904569,"Indonesia","IDN","ID",360,"Asia","South-Eastern Asia",1877519,147.8196,382.8528,4,28.5,123
320,18092026,0.01391,108889,"Guatemala","GTM","GT",320,"North America","Central America, Latin America",107160,168.8319,437.2746,70,28.3,124
4,42239854,0.02702,652230,"Afghanistan","AFG","AF",4,"Asia","South Central Asia, Southern Asia",652230,64.7622,167.7341,36,28.1,125
266,2436566,0.01991,267668,"Gabon","GAB","GA",266,"Africa","Middle Africa, Sub-Saharan Africa",257670,9.4561,24.4914,146,27.7,126
50,172954319,0.01033,147570,"Bangladesh","BGD","BD",50,"Asia","Southern Asia, South Central Asia",130170,1328.6803,3441.2821,8,27.4,127
524,30896590,0.01143,147181,"Nepal","NPL","NP",524,"Asia","Southern Asia, South Central Asia",143350,215.5325,558.2293,49,27.1,128
418,7633779,0.01385,236800,"Laos","LAO","LA",418,"Asia","South-Eastern Asia",230800,33.0753,85.665,103,26.6,129
710,60414495,0.00869,1221037,"South Africa","ZAF","ZA",710,"Africa","Southern Africa, Sub-Saharan Africa",1213090,49.8022,128.9876,24,24.7,130
729,48109006,0.02634,1886068,"Sudan","SDN","SD",729,"Africa","Northern Africa",1868000,25.7543,66.7036,31,22.4,131
548,334506,0.02377,12189,"Vanuatu","VUT","VU",548,"Oceania","Melanesia",12190,27.441,71.0722,182,21.5,132
288,34121985,0.0193,238533,"Ghana","GHA","GH",288,"Africa","Western Africa, Sub-Saharan Africa",227533,149.965,388.4093,47,20.9,133
72,2675352,0.01713,582000,"Botswana","BWA","BW",72,"Africa","Southern Africa, Sub-Saharan Africa",566730,4.7207,12.2266,144,20.9,134
516,2604172,0.01448,825615,"Namibia","NAM","NA",516,"Africa","Southern Africa, Sub-Saharan Africa",823290,3.1631,8.1925,145,19.7,135
356,1428627663,0.00808,3287590,"India","IND","IN",356,"Asia","Southern Asia, South Central Asia",2973190,480.5033,1244.5036,1,19.5,136
270,2773168,0.02483,10689,"Gambia","GMB","GM",270,"Africa","Western Africa, Sub-Saharan Africa",10120,274.0285,709.7337,141,19.2,137
834,67438106,0.02963,945087,"Tanzania","TZA","TZ",834,"Africa","Eastern Africa, Sub-Saharan Africa",885800,76.1324,197.183,22,18.5,138
262,1136455,0.01392,23200,"Djibouti","DJI","DJ",262,"Africa","Eastern Africa, Sub-Saharan Africa",23180,49.0274,126.981,160,18.3,139
800,48582334,0.02821,241550,"Uganda","UGA","UG",800,"Africa","Eastern Africa, Sub-Saharan Africa",200520,242.2817,627.5097,30,17.6,140
586,240485658,0.01976,881912,"Pakistan","PAK","PK",586,"Asia","Southern Asia, South Central Asia",770880,311.9625,807.9829,5,17.5,141
384,28873034,0.0253,322463,"Ivory Coast","CIV","CI",384,"Africa","Western Africa, Sub-Saharan Africa",318000,90.7957,235.1609,51,17.3,142
716,16665409,0.02113,390757,"Zimbabwe","ZWE","ZW",716,"Africa","Eastern Africa, Sub-Saharan Africa",386850,43.0798,111.5766,74,16.9,143
646,14094683,0.02308,26338,"Rwanda","RWA","RW",646,"Africa","Eastern Africa, Sub-Saharan Africa",24670,571.3289,1479.7417,76,16.9,144
508,33897354,0.02814,801590,"Mozambique","MOZ","MZ",508,"Africa","Eastern Africa, Sub-Saharan Africa",786380,43.1056,111.6434,48,16.4,145
296,133515,0.0174,811,"Kiribati","KIR","KI",296,"Oceania","Micronesia",810,164.8333,426.9183,192,16.3,146
598,10329931,0.01847,462840,"Papua New Guinea","PNG","PG",598,"Oceania","Melanesia",452860,22.8104,59.079,92,15.6,147
174,852075,0.01829,1862,"Comoros","COM","KM",174,"Africa","Eastern Africa, Sub-Saharan Africa",1861,457.8587,1185.854,163,15.2,148
178,6106869,0.02285,342000,"Republic of the Congo","COG","CG",178,"Africa","Middle Africa, Sub-Saharan Africa",341500,17.8825,46.3156,113,14.6,149
332,11724763,0.01206,27750,"Haiti","HTI","HT",332,"North America","Caribbean",27560,425.4268,1101.8554,81,14.1,150
90,740424,0.0223,28896,"Solomon Islands","SLB","SB",90,"Oceania","Melanesia",27990,26.4532,68.5137,166,14.1,151
404,55100586,0.01986,580367,"Kenya","KEN","KE",404,"Africa","Eastern Africa, Sub-Saharan Africa",569140,96.8138,250.7477,26,13.7,152
180,102262808,0.03285,2344858,"DR Congo","COD","CD",180,"Africa","Middle Africa, Sub-Saharan Africa",2267050,45.1083,116.8305,15,13.6,153
478,4862989,0.02678,1030700,"Mauritania","MRT","MR",478,"Africa","Western Africa, Sub-Saharan Africa",1030700,4.7181,12.22,126,13.6,154
894,20569737,0.02758,752612,"Zambia","ZMB","ZM",894,"Africa","Eastern Africa, Sub-Saharan Africa",743390,27.6702,71.6658,63,13.5,155
204,13712828,0.02696,112622,"Benin","BEN","BJ",204,"Africa","Western Africa, Sub-Saharan Africa",112760,121.6107,314.9718,77,13.5,156
686,17763163,0.0258,196722,"Senegal","SEN","SN",686,"Africa","Western Africa, Sub-Saharan Africa",192530,92.2618,238.958,71,13.1,157
24,36684202,0.03077,1246700,"Angola","AGO","AO",24,"Africa","Middle Africa, Sub-Saharan Africa",1246700,29.425,76.2109,42,12.8,158
748,1210822,0.00762,17364,"Eswatini","SWZ","SZ",748,"Africa","Southern Africa, Sub-Saharan Africa",17200,70.3966,182.3273,159,12.6,159
454,20931751,0.0258,118484,"Malawi","MWI","MW",454,"Africa","Eastern Africa, Sub-Saharan Africa",94280,222.0169,575.0237,62,12.1,160
694,8791092,0.02154,71740,"Sierra Leone","SLE","SL",694,"Africa","Western Africa, Sub-Saharan Africa",72180,121.794,315.4465,102,11.6,161
324,14190612,0.0239,245857,"Guinea","GIN","GN",324,"Africa","Western Africa, Sub-Saharan Africa",245720,57.7511,149.5755,75,11.3,162
231,126527060,0.02551,1104300,"Ethiopia","ETH","ET",231,"Africa","Eastern Africa, Sub-Saharan Africa",1128571.3,112.1126,290.3716,11,11,163
430,5418377,0.02182,111369,"Liberia","LBR","LR",430,"Africa","Western Africa, Sub-Saharan Africa",96320,56.2539,145.6976,120,9.9,164
466,23293698,0.03099,1240192,"Mali","MLI","ML",466,"Africa","Western Africa, Sub-Saharan Africa",1220190,19.0902,49.4437,58,8.3,165
120,28647293,0.02625,475442,"Cameroon","CMR","CM",120,"Africa","Middle Africa, Sub-Saharan Africa",472710,60.6023,156.9598,53,7.8,166
854,23251485,0.02548,272967,"Burkina Faso","BFA","BF",854,"Africa","Western Africa, Sub-Saharan Africa",273600,84.9835,220.1073,59,7.8,167
426,2330318,0.01062,30355,"Lesotho","LSO","LS",426,"Africa","Southern Africa, Sub-Saharan Africa",30360,76.7562,198.7985,147,7.3,168
624,2150842,0.0215,36125,"Guinea-Bissau","GNB","GW",624,"Africa","Western Africa, Sub-Saharan Africa",28120,76.488,198.1039,148,6.8,169
232,3748901,0.01761,117600,"Eritrea","ERI","ER",232,"Africa","Eastern Africa, Sub-Saharan Africa",121040.8,30.9722,80.218,131,6.4,170
450,30325732,0.02411,587041,"Madagascar","MDG","MG",450,"Africa","Eastern Africa, Sub-Saharan Africa",581800,52.124,135.0011,50,6,171
108,13238559,0.02708,27834,"Burundi","BDI","BI",108,"Africa","Eastern Africa, Sub-Saharan Africa",25680,515.5202,1335.1973,78,5.4,172
768,9053799,0.02318,56785,"Togo","TGO","TG",768,"Africa","Western Africa, Sub-Saharan Africa",54390,166.4607,431.1333,99,5.2,173
566,223804632,0.02408,923768,"Nigeria","NGA","NG",566,"Africa","Western Africa, Sub-Saharan Africa",910770,245.7312,636.4439,6,5,174
562,27202843,0.03796,1267000,"Niger","NER","NE",562,"Africa","Western Africa, Sub-Saharan Africa",1266700,21.4754,55.6212,54,1.5,175
148,18278568,0.03133,1284000,"Chad","TCD","TD",148,"Africa","Middle Africa, Sub-Saharan Africa",1259200,14.516,37.5965,67,,176
140,5742315,0.02925,622984,"Central African Republic","CAF","CF",140,"Africa","Middle Africa, Sub-Saharan Africa",622980,9.2175,23.8733,117,,177