"place","pop2023","growthRate","area","country","cca3","cca2","ccn3","region","subregion","landAreaKm","density","densityMi","Rank","mobile","broadband","rank"
492,36297,-0.00472,2.02,"Monaco","MCO","MC",492,"Europe","Western Europe",2,18148.5,47004.615,217,,261.82,1
702,6014723,0.00653,710,"Singapore","SGP","SG",702,"Asia","South-Eastern Asia",718,8377.0515,21696.5635,114,105.01,255.83,2
344,7491609,0.00037,1104,"Hong Kong","HKG","HK",344,"Asia","Eastern Asia",1050,7134.8657,18479.3022,104,83.58,254.7,3
642,19892812,0.01188,238391,"Romania","ROU","RO",642,"Europe","Eastern Europe",230080,86.4604,223.9325,64,59.67,232.17,4
756,8796669,0.00643,41284,"Switzerland","CHE","CH",756,"Europe","Western Europe",39516,222.6103,576.5607,101,135.7,229.96,5
208,5910913,0.00487,43094,"Denmark","DNK","DK",208,"Europe","Northern Europe",40000,147.7728,382.7316,115,112.03,227.91,6
764,71801279,0.00145,513120,"Thailand","THA","TH",764,"Asia","South-Eastern Asia",510890,140.5416,364.0026,20,56.9,225.17,7
152,19629590,0.00132,756102,"Chile","CHL","CL",152,"South America","South America, Latin America",743532,26.4005,68.3772,65,21.23,217.6,8
250,64756584,0.00201,551695,"France","FRA","FR",250,"Europe","Western Europe",547557,118.2646,306.3052,23,86.51,214.04,9
410,51784059,-0.00061,100210,"South Korea","KOR","KR",410,"Asia","Eastern Asia",97600,530.5744,1374.1876,29,202.61,212.57,10
348,10156239,0.01896,93028,"Hungary","HUN","HU",348,"Europe","Eastern Europe",91260,111.2891,288.2386,94,60.16,210.55,11
438,39584,0.00654,160,"Liechtenstein","LIE","LI",438,"Europe","Western Europe",160,247.4,640.766,216,,204.78,12
840,339996563,0.00505,9372610,"United States","USA","US",840,"North America","Northern America",9147420,37.1686,96.2666,3,110.07,203.81,13
724,47519628,-0.00082,505992,"Spain","ESP","ES",724,"Europe","Southern Europe",499556.6,95.1236,246.3702,32,61.62,201.47,14
156,1425671352,-0.00015,9706961,"China","CHN","CN",156,"Asia","Eastern Asia",9424702.9,151.2696,391.7884,2,165.38,196.57,15
784,9516871,0.00802,83600,"United Arab Emirates","ARE","AE",784,"Asia","Western Asia, The Middle East",71020,134.0027,347.067,96,238.06,189.07,16
124,38781291,0.0085,9984670,"Canada","CAN","CA",124,"North America","Northern America",8965590,4.3256,11.2032,38,95.78,183.81,17
446,704149,0.01292,32.9,"Macau","MAC","MO",446,"Asia","Eastern Asia",32.9,21402.7052,55433.0064,167,62.31,178.9,18
392,123294513,-0.0053,377930,"Japan","JPN","JP",392,"Asia","Eastern Asia",364500,338.2566,876.0845,12,69.02,178.76,19
752,10612086,0.00595,450295,"Sweden","SWE","SE",752,"Europe","Northern Europe",407283.5,26.0558,67.4844,87,103.08,174.9,20
442,654768,0.01107,2586,"Luxembourg","LUX","LU",442,"Europe","Western Europe",2574.5,254.3282,658.7101,168,116.76,172.05,21
20,80088,0.00331,468,"Andorra","AND","AD",20,"Europe","Southern Europe",470,170.4,441.336,203,,171.44,22
554,5228100,0.00826,270467,"New Zealand","NZL","NZ",554,"Oceania","Australia and New Zealand",263310,19.8553,51.4252,123,75.91,170.51,23
578,5474360,0.00737,323802,"Norway","NOR","NO",578,"Europe","Northern Europe",364285,15.0277,38.9217,119,177.72,168.25,24
528,17618299,0.00309,41850,"Netherlands","NLD","NL",528,"Europe","Western Europe",33670,523.264,1355.2538,72,106.98,165,25
376,9174520,0.01507,20770,"Israel","ISR","IL",376,"Asia","Western Asia, The Middle East",21640,423.9612,1098.0595,98,48.3,162.66,26
620,10247605,-0.00227,92090,"Portugal","PRT","PT",620,"Europe","Southern Europe",91605.6,111.8666,289.7344,93,59.91,162.55,27
616,41026067,0.02933,312679,"Poland","POL","PL",616,"Europe","Eastern Europe",306130,134.0152,347.0993,37,57.23,156.33,28
498,3435931,0.04978,33846,"Moldova","MDA","MD",498,"Europe","Eastern Europe",32884.6,104.4845,270.6149,134,42.99,154.56,29
158,23923276,0.00125,36193,"Taiwan","TWN","TW",158,"Asia","Eastern Asia",36197,660.9188,1711.7796,57,95.51,152.01,30
414,4310108,0.00966,17818,"Kuwait","KWT","KW",414,"Asia","Western Asia, The Middle East",17820,241.8691,626.4411,129,157.18,149.37,31
440,2718352,-0.01153,65300,"Lithuania","LTU","LT",440,"Europe","Northern Europe",62620,43.4103,112.4326,142,66.25,147.05,32
470,535064,0.00333,316,"Malta","MLT","MT",470,"Europe","Southern Europe",320,1672.075,4330.6743,173,70.73,144.06,33
591,4468087,0.0135,75417,"Panama","PAN","PA",591,"North America","Central America, Latin America",74180,60.233,156.0036,128,20.44,137.38,34
276,83294633,-0.0009,357114,"Germany","DEU","DE",276,"Europe","Western Europe",349390,238.4002,617.4564,19,83.06,136.66,35
428,1830211,-0.01105,64559,"Latvia","LVA","LV",428,"Europe","Northern Europe",62230,29.4104,76.173,151,50.07,135.22,36
246,5545475,0.00085,338424,"Finland","FIN","FI",246,"Europe","Northern Europe",303940,18.2453,47.2553,118,88.23,135.05,37
56,11686140,0.00259,30528,"Belgium","BEL","BE",56,"Europe","Western Europe",30280,385.9359,999.5741,82,69.76,125.12,38
372,5056935,0.00673,70273,"Ireland","IRL","IE",372,"Europe","Northern Europe",68890,73.4059,190.1214,125,62.66,122.55,39
674,33642,-0.00054,61,"San Marino","SMR","SM",674,"Europe","Southern Europe",60,560.7,1452.213,218,,121.4,40
705,2119675,-0.00008,20273,"Slovenia","SVN","SI",705,"Europe","Southern Europe",20136.4,105.2658,272.6385,149,74.84,115.61,41
703,5795199,0.02689,49037,"Slovakia","SVK","SK",703,"Europe","Eastern Europe",49035,118.1849,306.099,116,56.01,115.11,42
634,2716391,0.00789,11586,"Qatar","QAT","QA",634,"Asia","Western Asia, The Middle East",11490,236.4135,612.3109,143,172.18,113.88,43
76,216422446,0.00515,8515767,"Brazil","BRA","BR",76,"South America","South America, Latin America",8358140,25.8936,67.0645,7,33.92,113.09,44
52,281995,0.00128,430,"Barbados","BRB","BB",52,"North America","Caribbean",430,655.8023,1698.528,186,,109.41,45
458,34308525,0.01091,330803,"Malaysia","MYS","MY",458,"Asia","South-Eastern Asia",328550,104.4241,270.4583,46,31.34,107.55,46
380,58870762,-0.00282,301336,"Italy","ITA","IT",380,"Europe","Southern Europe",295717,199.078,515.6121,25,55.41,104.09,47
826,67736802,0.00338,242900,"United Kingdom","GBR","GB",826,"Europe","Northern Europe",241930,279.9851,725.1615,21,86.56,102.24,48
643,144444359,-0.00186,17098242,"Russia","RUS","RU",643,"Europe","Eastern Europe",16376870,8.82,22.8439,9,28.99,95.96,49
682,36947025,0.01478,2149690,"Saudi Arabia","SAU","SA",682,"Asia","Western Asia, The Middle East",2149690,17.1871,44.5147,40,155.97,94.64,50
40,8958960,0.00216,83871,"Austria","AUT","AT",40,"Europe","Western Europe",82520,108.5671,281.1889,100,71.81,94.31,51
233,1322765,-0.00249,45227,"Estonia","EST","EE",233,"Europe","Northern Europe",42750,30.9419,80.1394,156,75.29,88.49,52
688,7149077,-0.01001,88361,"Serbia","SRB","RS",688,"Europe","Southern Europe",87460,81.7411,211.7095,105,53.82,86.77,53
100,6687717,-0.0139,110879,"Bulgaria","BGR","BG",100,"Europe","Eastern Europe",108560,61.6039,159.554,110,142.27,86.75,54
780,1534937,0.00254,5130,"Trinidad and Tobago","TTO","TT",780,"North America","Caribbean",5130,299.208,774.9487,153,41.12,85.8,55
400,11337052,0.00454,89342,"Jordan","JOR","JO",400,"Asia","Western Asia, The Middle East",88794,127.6781,330.6864,83,27.61,84.12,56
36,26439111,0.01,7692024,"Australia","AUS","AU",36,"Oceania","Australia and New Zealand",7692020,3.4372,8.9024,55,135.3,82.73,57
704,98858950,0.00685,331212,"Vietnam","VNM","VN",704,"Asia","South-Eastern Asia",313429,315.411,816.9145,16,43.32,78.34,58
804,36744634,-0.07448,603500,"Ukraine","UKR","UA",804,"Europe","Eastern Europe",579400,63.4184,164.2537,41,31.95,76.82,59
48,1485509,0.00902,765,"Bahrain","BHR","BH",48,"Asia","Western Asia, The Middle East",785,1892.3682,4901.2335,154,86.04,73.95,60
600,6861524,0.01191,406752,"Paraguay","PRY","PY",600,"South America","South America, Latin America",397300,17.2704,44.7303,108,20.65,72.5,61
170,52085168,0.00407,1141748,"Colombia","COL","CO",170,"South America","South America, Latin America",1109500,46.9447,121.5868,28,18.33,72.19,62
608,117337368,0.01539,342353,"Philippines","PHL","PH",608,"Asia","South-Eastern Asia",298170,393.5251,1019.2299,13,35.03,71.85,63
858,3423108,0.00009,181034,"Uruguay","URY","UY",858,"South America","South America, Latin America",175020,19.5584,50.6562,135,38.08,69.91,64
112,9498238,-0.00385,207600,"Belarus","BLR","BY",112,"Europe","Eastern Europe",202980,46.794,121.1964,97,19.41,69.41,65
191,4008617,-0.00539,56594,"Croatia","HRV","HR",191,"Europe","Southern Europe",55960,71.6336,185.5311,130,114.76,69.09,66
512,4644384,0.01488,309500,"Oman","OMN","OM",512,"Asia","Western Asia, The Middle East",309500,15.0061,38.8658,127,91.21,68.28,67
328,813834,0.00632,214969,"Guyana","GUY","GY",328,"South America","South America, Latin America",196850,4.1343,10.7078,164,,65.93,68
356,1428627663,0.00808,3287590,"India","IND","IN",356,"Asia","Southern Asia, South Central Asia",2973190,480.5033,1244.5036,1,17.89,64.03,69
398,19606633,0.01076,2724900,"Kazakhstan","KAZ","KZ",398,"Asia","Central Asia",2699700,7.2625,18.8099,66,31.74,63.28,70
44,412623,0.00644,13943,"Bahamas","BHS","BS",44,"North America","Caribbean",10010,41.2211,106.7626,176,,61.75,71
499,626485,-0.00095,13812,"Montenegro","MNE","ME",499,"Europe","Southern Europe",13450,46.5788,120.6391,169,44.48,60.03,72
32,45773884,0.00579,2780400,"Argentina","ARG","AR",32,"South America","South America, Latin America",2736690,16.726,43.3203,33,29.77,58.87,73
604,34352719,0.0089,1285216,"Peru","PER","PE",604,"South America","South America, Latin America",1280000,26.8381,69.5106,45,24.82,58.73,74
308,126183,0.00594,344,"Grenada","GRD","GD",308,"North America","Caribbean",340,371.1265,961.2176,193,,57.07,75
188,5212173,0.00605,51100,"Costa Rica","CRI","CR",188,"North America","Central America, Latin America",51060,102.0794,264.3856,124,34.01,56.39,76
196,1260138,0.00691,9251,"Cyprus","CYP","CY",196,"Europe","Eastern Europe, The Middle East",9240,136.3786,353.2205,158,144.64,55.11,77
484,128455567,0.00746,1964375,"Mexico","MEX","MX",484,"North America","Central America, Latin America",1943950,66.0797,171.1463,10,34.33,54.88,78
710,60414495,0.00869,1221037,"South Africa","ZAF","ZA",710,"Africa","Southern Africa, Sub-Saharan Africa",1213090,49.8022,128.9876,24,52.19,54.75,79
670,103698,-0.00241,389,"Saint Vincent and the Grenadines","VCT","VC",670,"North America","Caribbean",390,265.8923,688.6611,199,,53.77,80
496,3447157,0.01436,1564110,"Mongolia","MNG","MN",496,"Asia","Eastern Asia",1557506.8,2.2133,5.7323,133,21.34,53.53,81
662,180251,0.00219,616,"Saint Lucia","LCA","LC",662,"North America","Caribbean",610,295.4934,765.328,190,,52.3,82
288,34121985,0.0193,238533,"Ghana","GHA","GH",288,"Africa","Western Africa, Sub-Saharan Africa",227533,149.965,388.4093,47,12.9,52.1,83
417,6735347,0.01579,199951,"Kyrgyzstan","KGZ","KG",417,"Asia","Central Asia, South Central Asia",191800,35.1165,90.9518,109,24.71,51.07,84
70,3210847,-0.00701,51209,"Bosnia and Herzegovina","BIH","BA",70,"Europe","Southern Europe",51200,62.7119,162.4237,137,36.61,48.51,85
418,7633779,0.01385,236800,"Laos","LAO","LA",418,"Asia","South-Eastern Asia",230800,33.0753,85.665,103,30.93,48.16,86
860,35163944,0.01549,447400,"Uzbekistan","UZB","UZ",860,"Asia","Central Asia, South Central Asia",440650,79.8002,206.6824,43,19.29,45.88,87
8,2832439,-0.00348,28748,"Albania","ALB","AL",8,"Europe","Southern Europe",27400,103.3737,267.7378,138,61.56,45.55,88
792,85816199,0.00557,783562,"Turkey","TUR","TR",792,"Asia","Western Asia, The Middle East",783562,109.5206,283.6584,18,48.85,43.48,89
807,2085679,-0.00378,25713,"North Macedonia","MKD","MK",807,"Europe","Southern Europe",25220,82.6994,214.1915,150,64.02,43.24,90
450,30325732,0.02411,587041,"Madagascar","MDG","MG",450,"Africa","Eastern Africa, Sub-Saharan Africa",581800,52.124,135.0011,50,,42.84,91
384,28873034,0.0253,322463,"Ivory Coast","CIV","CI",384,"Africa","Western Africa, Sub-Saharan Africa",318000,90.7957,235.1609,51,18.36,40.64,92
84,410825,0.0137,22966,"Belize","BLZ","BZ",84,"North America","Central America, Latin America",22810,18.0107,46.6478,177,,40.62,93
50,172954319,0.01033,147570,"Bangladesh","BGD","BD",50,"Asia","Southern Asia, South Central Asia",130170,1328.6803,3441.2821,8,13.43,40.31,94
818,112716598,0.01556,1002450,"Egypt","EGY","EG",818,"Africa","Northern Africa, The Middle East",995450,113.2318,293.2704,14,24.95,39.97,95
480,1300557,0.00084,2040,"Mauritius","MUS","MU",480,"Africa","Eastern Africa, Sub-Saharan Africa",2030,640.6685,1659.3313,157,30.28,39.85,96
300,10341277,-0.00421,131990,"Greece","GRC","GR",300,"Europe","Southern Europe",128900,80.2271,207.7883,91,92.54,39.08,97
218,18190484,0.01053,276841,"Ecuador","ECU","EC",218,"South America","South America, Latin America",248360,73.2424,189.6978,68,24.62,39.07,98
51,2777970,-0.0009,29743,"Armenia","ARM","AM",51,"Asia","Western Asia",28470,97.5753,252.7201,140,34.53,38.95,99
388,2825544,-0.00065,10991,"Jamaica","JAM","JM",388,"North America","Caribbean",10830,260.8997,675.7303,139,44.23,37.84,100
762,10143543,0.01917,143100,"Tajikistan","TJK","TJ",762,"Asia","Central Asia, South Central Asia",138790,73.0855,189.2916,95,16.15,35.45,101
659,47755,0.00206,261,"Saint Kitts and Nevis","KNA","KN",659,"North America","Caribbean",260,183.6731,475.7133,211,,35.45,102
686,17763163,0.0258,196722,"Senegal","SEN","SN",686,"Africa","Western Africa, Sub-Saharan Africa",192530,92.2618,238.958,71,23.59,35.01,103
212,73040,0.00417,751,"Dominica","DMA","DM",212,"North America","Caribbean",750,97.3867,252.2315,204,,34.9,104
96,452524,0.00784,5765,"Brunei","BRN","BN",96,"Asia","South-Eastern Asia",5270,85.8679,222.3979,175,67.32,34.59,105
524,30896590,0.01143,147181,"Nepal","NPL","NP",524,"Asia","Southern Asia, South Central Asia",143350,215.5325,558.2293,49,22.39,33.87,106
214,11332972,0.00928,48671,"Dominican Republic","DOM","DO",214,"North America","Caribbean",48310,234.5885,607.5843,84,31.45,32.26,107
368,45504560,0.02266,438317,"Iraq","IRQ","IQ",368,"Asia","Western Asia, The Middle East",434128,104.8183,271.4794,35,42.33,31.66,108
584,41996,0.01027,181,"Marshall Islands","MHL","MH",584,"Oceania","Micronesia",180,233.3111,604.2758,215,,31.64,109
558,7046310,0.01409,130373,"Nicaragua","NIC","NI",558,"North America","Central America, Latin America",120340,58.5533,151.6532,106,26.59,29.94,110
275,5371230,0.02308,6220,"Palestine","PSE","PS",275,"Asia","Western Asia, The Middle East",6020,892.2309,2310.878,121,7.57,29.46,111
268,3728282,-0.0043,69700,"Georgia","GEO","GE",268,"Asia","Western Asia",69490,53.6521,138.9588,132,39.84,28.61,112
116,16944826,0.01056,181035,"Cambodia","KHM","KH",116,"Asia","South-Eastern Asia",176520,95.9938,248.6239,73,23.75,28.32,113
360,277534122,0.00738,1904569,"Indonesia","IDN","ID",360,"Asia","South-Eastern Asia",1877519,147.8196,382.8528,4,23.12,27.83,114
68,12388571,0.01345,1098581,"Bolivia","BOL","BO",68,"South America","South America, Latin America",1083300,11.436,29.6191,80,22.57,27.8,115
462,521020.99999999994,-0.00528,300,"Maldives","MDV","MV",462,"Asia","Southern Asia, South Central Asia",300,1736.7367,4498.148,174,66.9,27.42,116
504,37840044,0.0102,446550,"Morocco","MAR","MA",504,"Africa","Northern Africa",446300,84.7861,219.596,39,39.52,27.21,117
222,6364943,0.00451,21041,"El Salvador","SLV","SV",222,"North America","Central America, Latin America",20720,307.1884,795.6179,112,26.85,27.04,118
132,598682,0.00933,4033,"Cape Verde","CPV","CV",132,"Africa","Western Africa, Sub-Saharan Africa",4033,148.4458,384.4747,171,,26.94,119
340,10593798,0.01543,112492,"Honduras","HND","HN",340,"North America","Central America, Latin America",111890,94.6805,245.2224,88,30.84,26.93,120
646,14094683,0.02308,26338,"Rwanda","RWA","RW",646,"Africa","Eastern Africa, Sub-Saharan Africa",24670,571.3289,1479.7417,76,,26.26,121
144,21893579,0.00281,65610,"Sri Lanka","LKA","LK",144,"Asia","Southern Asia, South Central Asia",61860,353.9214,916.6565,61,16.58,26.08,122
430,5418377,0.02182,111369,"Liberia","LBR","LR",430,"Africa","Western Africa, Sub-Saharan Africa",96320,56.2539,145.6976,120,,25.68,123
854,23251485,0.02548,272967,"Burkina Faso","BFA","BF",854,"Africa","Western Africa, Sub-Saharan Africa",273600,84.9835,220.1073,59,,25.54,124
31,10412651,0.00527,86600,"Azerbaijan","AZE","AZ",31,"Asia","Western Asia",82646,125.991,326.3167,90,40.69,25.1,125
690,107660,0.00506,452,"Seychelles","SYC","SC",690,"Africa","Eastern Africa, Sub-Saharan Africa",460,234.0435,606.1726,197,,24.9,126
64,787424,0.00635,38394,"Bhutan","BTN","BT",64,"Asia","Southern Asia, South Central Asia",38140,20.6456,53.4722,165,,24.76,127
426,2330318,0.01062,30355,"Lesotho","LSO","LS",426,"Africa","Southern Africa, Sub-Saharan Africa",30360,76.7562,198.7985,147,,24.64,128
862,28838499,0.01897,916445,"Venezuela","VEN","VE",862,"South America","South America, Latin America",882050,32.6949,84.6797,52,7.68,23.92,129
320,18092026,0.01391,108889,"Guatemala","GTM","GT",320,"North America","Central America, Latin America",107160,168.8319,437.2746,70,29.69,23.72,130
732,587259,0.01957,266000,"Western Sahara","ESH","EH",732,"Africa","Northern Africa",266000,2.2077,5.718,172,,23.02,131
583,115224,0.00929,702,"Micronesia","FSM","FM",583,"Oceania","Micronesia",700,164.6057,426.3288,194,,22.54,132
266,2436566,0.01991,267668,"Gabon","GAB","GA",266,"Africa","Middle Africa, Sub-Saharan Africa",257670,9.4561,24.4914,146,,22.5,133
364,89172767,0.00703,1648195,"Iran","IRN","IR",364,"Asia","Southern Asia, The Middle East",1622500,54.9601,142.3467,17,35.48,21.36,134
28,94298,0.00571,442,"Antigua and Barbuda","ATG","AG",28,"North America","Caribbean",440,214.3136,555.0723,201,,21.24,135
466,23293698,0.03099,1240192,"Mali","MLI","ML",466,"Africa","Western Africa, Sub-Saharan Africa",1220190,19.0902,49.4437,58,29.79,20.82,136
768,9053799,0.02318,56785,"Togo","TGO","TG",768,"Africa","Western Africa, Sub-Saharan Africa",54390,166.4607,431.1333,99,36.08,20.76,137
242,936375,0.00711,18272,"Fiji","FJI","FJ",242,"Oceania","Melanesia",18270,51.2521,132.7428,162,28.51,20.76,138
104,54577997,0.00736,676578,"Myanmar","MMR","MM",104,"Asia","South-Eastern Asia",652670,83.6227,216.5827,27,28.19,20.69,139
332,11724763,0.01206,27750,"Haiti","HTI","HT",332,"North America","Caribbean",27560,425.4268,1101.8554,81,19.71,20.67,140
834,67438106,0.02963,945087,"Tanzania","TZA","TZ",834,"Africa","Eastern Africa, Sub-Saharan Africa",885800,76.1324,197.183,22,13.23,19.77,141
516,2604172,0.01448,825615,"Namibia","NAM","NA",516,"Africa","Southern Africa, Sub-Saharan Africa",823290,3.1631,8.1925,145,23.18,19.58,142
404,55100586,0.01986,580367,"Kenya","KEN","KE",404,"Africa","Eastern Africa, Sub-Saharan Africa",569140,96.8138,250.7477,26,22.14,19.35,143
706,18143378,0.03102,637657,"Somalia","SOM","SO",706,"Africa","Eastern Africa, Sub-Saharan Africa",627340,28.9211,74.9057,69,14.74,18.98,144
262,1136455,0.01392,23200,"Djibouti","DJI","DJ",262,"Africa","Eastern Africa, Sub-Saharan Africa",23180,49.0274,126.981,160,,18.27,145
422,5353930,-0.02474,10452,"Lebanon","LBN","LB",422,"Asia","Western Asia, The Middle East",10230,523.3558,1355.4916,122,32.64,18.22,146
716,16665409,0.02113,390757,"Zimbabwe","ZWE","ZW",716,"Africa","Eastern Africa, Sub-Saharan Africa",386850,43.0798,111.5766,74,,17.81,147
566,223804632,0.02408,923768,"Nigeria","NGA","NG",566,"Africa","Western Africa, Sub-Saharan Africa",910770,245.7312,636.4439,6,24.74,17.65,148
894,20569737,0.02758,752612,"Zambia","ZMB","ZM",894,"Africa","Eastern Africa, Sub-Saharan Africa",743390,27.6702,71.6658,63,18.98,17.24,149
204,13712828,0.02696,112622,"Benin","BEN","BJ",204,"Africa","Western Africa, Sub-Saharan Africa",112760,121.6107,314.9718,77,,16.23,150
548,334506,0.02377,12189,"Vanuatu","VUT","VU",548,"Oceania","Melanesia",12190,27.441,71.0722,182,,16.18,151
434,6888388,0.01116,1759540,"Libya","LBY","LY",434,"Africa","Northern Africa",1759540,3.9149,10.1395,107,16.03,16.12,152
740,623236,0.00841,163820,"Suriname","SUR","SR",740,"South America","South America, Latin America",156000,3.9951,10.3473,170,42.97,15.93,153
24,36684202,0.03077,1246700,"Angola","AGO","AO",24,"Africa","Middle Africa, Sub-Saharan Africa",1246700,29.425,76.2109,42,25.87,14.86,154
231,126527060,0.02551,1104300,"Ethiopia","ETH","ET",231,"Africa","Eastern Africa, Sub-Saharan Africa",1128571.3,112.1126,290.3716,11,26.17,14.17,155
120,28647293,0.02625,475442,"Cameroon","CMR","CM",120,"Africa","Middle Africa, Sub-Saharan Africa",472710,60.6023,156.9598,53,31.18,13.94,156
586,240485658,0.01976,881912,"Pakistan","PAK","PK",586,"Asia","Southern Asia, South Central Asia",770880,311.9625,807.9829,5,19.82,13.84,157
598,10329931,0.01847,462840,"Papua New Guinea","PNG","PG",598,"Oceania","Melanesia",452860,22.8104,59.079,92,,13.68,158
694,8791092,0.02154,71740,"Sierra Leone","SLE","SL",694,"Africa","Western Africa, Sub-Saharan Africa",72180,121.794,315.4465,102,,13.56,159
800,48582334,0.02821,241550,"Uganda","UGA","UG",800,"Africa","Eastern Africa, Sub-Saharan Africa",200520,242.2817,627.5097,30,19.02,13.55,160
760,23227014,0.0498,185180,"Syria","SYR","SY",760,"Asia","Western Asia, The Middle East",183630,126.4881,327.6042,60,19.21,12.72,161
454,20931751,0.0258,118484,"Malawi","MWI","MW",454,"Africa","Eastern Africa, Sub-Saharan Africa",94280,222.0169,575.0237,62,,12.7,162
270,2773168,0.02483,10689,"Gambia","GMB","GM",270,"Africa","Western Africa, Sub-Saharan Africa",10120,274.0285,709.7337,141,,12.24,163
562,27202843,0.03796,1267000,"Niger","NER","NE",562,"Africa","Western Africa, Sub-Saharan Africa",1266700,21.4754,55.6212,54,,11.68,164
478,4862989,0.02678,1030700,"Mauritania","MRT","MR",478,"Africa","Western Africa, Sub-Saharan Africa",1030700,4.7181,12.22,126,19.96,11.55,165
72,2675352,0.01713,582000,"Botswana","BWA","BW",72,"Africa","Southern Africa, Sub-Saharan Africa",566730,4.7207,12.2266,144,,11.21,166
108,13238559,0.02708,27834,"Burundi","BDI","BI",108,"Africa","Eastern Africa, Sub-Saharan Africa",25680,515.5202,1335.1973,78,,11.18,167
788,12458223,0.00826,163610,"Tunisia","TUN","TN",788,"Africa","Northern Africa",155360,80.1894,207.6905,79,35.57,11.13,168
12,45606480,0.01566,2381741,"Algeria","DZA","DZ",12,"Africa","Northern Africa",2381741,19.1484,49.5943,34,18.1,10.43,169
508,33897354,0.02814,801590,"Mozambique","MOZ","MZ",508,"Africa","Eastern Africa, Sub-Saharan Africa",786380,43.1056,111.6434,48,25.02,9.27,170
324,14190612,0.0239,245857,"Guinea","GIN","GN",324,"Africa","Western Africa, Sub-Saharan Africa",245720,57.7511,149.5755,75,,8.84,171
4,42239854,0.02702,652230,"Afghanistan","AFG","AF",4,"Asia","South Central Asia, Southern Asia",652230,64.7622,167.7341,36,7.27,8.26,172
226,1714671,0.02374,28051,"Equatorial Guinea","GNQ","GQ",226,"Africa","Middle Africa, Sub-Saharan Africa",28050,61.1291,158.3243,152,,7.95,173
729,48109006,0.02634,1886068,"Sudan","SDN","SD",729,"Africa","Northern Africa",1868000,25.7543,66.7036,31,14.51,7.92,174
887,34449825,0.02235,527968,"Yemen","YEM","YE",887,"Asia","Western Asia, The Middle East",527970,65.2496,168.9964,44,,7.59,175
795,6516100,0.01327,488100,"Turkmenistan","TKM","TM",795,"Asia","Central Asia, South Central Asia",469930,13.8661,35.9132,111,,4.11,176
192,11194449,-0.00158,109884,"Cuba","CUB","CU",192,"North America","Caribbean",103800,107.8463,279.322,85,25.02,4.01,177